{
  "backend": "darknet",
  "weights": "/workspace/.cache/splits/LegoGears_best.weights",
  "n_images": 72,
  "total_s": 2.5427303025498986,
  "mean_s": 0.03531569864652637,
  "fps": 28.31601917348333
}