{
  "backend": "darknet",
  "weights": "/workspace/.cache/splits/LegoGears_best.weights",
  "n_images": 18,
  "total_s": 1.710374285466969,
  "mean_s": 0.09502079363705383,
  "fps": 10.524012289558955
}