{
  "backend": "darknet",
  "weights": "/workspace/.cache/splits/LegoGears_best.weights",
  "n_images": 18,
  "total_s": 1.78976399730891,
  "mean_s": 0.09943133318382832,
  "fps": 10.057191913048205
}